,City Name,Cloudiness,Country,Date,Humidity,Latitude,Longitude,Max Temperature,Wind Speed
0,Lavrentiya,88,RU,1551836960,97,65.58,-170.99,29.966,3.47
1,Kaitangata,8,NZ,1551836429,64,-46.28,169.85,71.99600000000001,2.24
2,Ushuaia,40,AR,1551834000,75,-54.81,-68.31,42.8,8.2
3,Chokurdakh,0,RU,1551836960,77,70.62,147.9,-17.680000000000007,1.47
4,Rikitea,92,PF,1551836961,97,-23.12,-134.97,81.01400000000001,6.77
5,Kapaa,90,US,1551836897,56,22.08,-159.32,75.2,9.8
6,Abashiri,0,JP,1551835265,51,44.01,144.25,42.998000000000005,1.5
7,Alice Springs,0,AU,1551834000,23,-23.7,133.88,87.80000000000001,7.7
8,Hilo,90,US,1551836916,88,19.71,-155.08,71.99600000000001,5.7
9,Sao Joao da Barra,76,BR,1551836961,98,-21.64,-41.05,82.4,8.32
10,Tasiilaq,36,GL,1551833400,41,65.61,-37.64,19.4,10.8
11,Mount Gambier,40,AU,1551834000,47,-37.83,140.78,59.0,9.8
12,Cape Town,0,ZA,1551836622,88,-33.93,18.42,68.0,2.1
13,Yellowknife,20,CA,1551834000,66,62.45,-114.38,12.2,2.1
14,Avarua,76,CK,1551834000,65,-21.21,-159.78,80.6,3.6
15,Provideniya,0,RU,1551834000,68,64.42,-173.23,30.2,5.0
16,Vila Velha,40,BR,1551836099,78,-3.71,-38.6,82.4,3.6
17,Ponta do Sol,44,BR,1551836962,90,-20.63,-46.0,67.51400000000001,1.32
18,Kelme,90,LT,1551835200,68,55.63,22.93,28.4,5.1
19,Puerto Ayora,0,EC,1551836963,100,-0.74,-90.35,78.89,3.67
20,Faanui,80,PF,1551836963,100,-16.48,-151.75,83.98400000000001,2.87
21,Luderitz,0,NA,1551836963,89,-26.65,15.16,59.269999999999996,0.82
22,Kanigoro,24,ID,1551836963,100,-8.13,112.22,82.904,3.12
23,Jamestown,20,AU,1551836947,79,-33.21,138.6,62.384,5.82
24,Gumdag,0,TM,1551836964,89,39.2,54.59,39.434,2.52
25,Sao Desiderio,12,BR,1551836964,89,-12.36,-44.97,66.614,1.22
26,Upernavik,56,GL,1551836964,100,72.79,-56.15,9.355999999999998,4.87
27,Qaanaaq,44,GL,1551836964,83,77.48,-69.36,-9.759999999999998,2.07
28,Primorsk,0,RU,1551836964,81,60.37,28.62,7.735999999999997,3.42
29,Bluff,56,AU,1551836964,71,-23.58,149.07,84.47,2.82
30,Kavaratti,20,IN,1551836965,100,10.57,72.64,81.59,6.32
31,Pabna,48,BD,1551836965,100,24.0,89.25,67.82,1.97
32,Zabaykalsk,12,CN,1551836965,40,49.64,117.33,30.02,4.07
33,Castro,90,CL,1551834000,100,-42.48,-73.76,55.400000000000006,7.2
34,Nanortalik,80,GL,1551836966,100,60.14,-45.24,27.086,19.37
35,Hobart,75,AU,1551836840,50,-42.88,147.33,57.002,8.7
36,Albany,75,US,1551836786,53,42.65,-73.75,23.0,6.2
37,Hamilton,90,BM,1551836316,88,32.3,-64.78,71.6,11.8
38,Ishigaki,75,JP,1551834000,83,24.34,124.16,69.80000000000001,3.6
39,Paita,76,PE,1551836735,76,-5.09,-81.11,77.27,2.42
40,Cidreira,56,BR,1551836967,92,-30.17,-50.22,74.624,2.07
41,Geraldton,20,CA,1551834000,64,49.72,-86.95,-2.200000000000003,1.5
42,Bethel,90,US,1551834000,93,60.79,-161.76,35.6,4.6
43,Pilar,0,AR,1551836896,83,-34.46,-58.91,73.994,4.6
44,Vostok,0,RU,1551836803,49,46.45,135.83,25.34,2.52
45,Saint-Philippe,75,CA,1551836937,78,45.36,-73.48,17.006,3.1
46,Matagami,24,NG,1551836696,80,9.67,8.4,64.004,1.17
47,Tiksi,64,RU,1551836968,67,71.64,128.87,9.535999999999998,4.67
48,Dongsheng,44,CN,1551836968,80,29.72,112.52,57.884,5.27
49,Shingu,75,JP,1551834000,62,33.72,135.99,59.0,2.6
50,Sala Consilina,8,IT,1551836968,95,40.4,15.6,31.82,0.42
51,Airai,36,TL,1551836969,71,-8.93,125.41,80.834,0.87
52,Port Elizabeth,1,US,1551836965,73,39.31,-74.98,32.0,2.6
53,Cherskiy,80,RU,1551836969,71,68.75,161.3,1.0399999999999991,1.57
54,Nanjing,32,CN,1551836965,65,32.06,118.79,57.992000000000004,3.72
55,Tura,88,IN,1551836969,91,25.52,90.21,63.914,1.67
56,Punta Arenas,75,CL,1551836592,100,-53.16,-70.91,44.6,3.1
57,San Patricio,8,PY,1551836728,76,-26.98,-56.83,76.874,2.42
58,Barrow,24,AR,1551836970,40,-38.31,-60.23,66.434,3.77
59,Salalah,0,OM,1551833400,60,17.01,54.1,73.4,2.1
60,Mataura,0,NZ,1551836970,34,-46.19,168.86,80.924,7.62
61,Vaini,20,IN,1551834000,93,15.34,74.49,59.0,1.02
62,Iqaluit,5,CA,1551836567,68,63.75,-68.52,-18.004000000000005,3.6
63,Kayerkan,68,RU,1551836971,83,69.35,87.76,9.05,8.37
64,Torbay,75,CA,1551836915,79,47.66,-52.73,26.996000000000002,8.2
65,Chernolesskoye,8,RU,1551836971,79,44.72,43.71,34.124,2.22
66,Mailsi,0,PK,1551836971,77,29.8,72.18,55.544,1.22
67,Bandar-e Lengeh,0,IR,1551836971,100,26.56,54.88,66.614,5.22
68,Saint George,40,GR,1551833400,86,39.45,22.34,41.0,1.62
69,Mirabad,0,IR,1551836972,70,28.27,61.33,29.966,1.17
70,Guilin,90,CN,1551834000,87,25.28,110.29,53.6,1.0
71,Saskylakh,80,RU,1551836972,69,71.97,114.09,-1.9300000000000068,3.77
72,Tupanatinga,8,BR,1551836972,89,-8.75,-37.34,69.62,2.52
73,Salinopolis,36,BR,1551836972,100,-0.61,-47.36,78.85400000000001,2.77
74,Soavinandriana,12,MG,1551836973,89,-19.17,46.74,57.704,1.22
75,Xihe,32,CN,1551836973,73,34.02,105.29,35.69,1.52
76,Ostrovnoy,8,RU,1551836680,93,68.05,39.51,12.29,8.92
77,Coquimbo,0,CL,1551834000,87,-29.95,-71.34,60.8,2.87
78,Road Town,40,VG,1551836707,65,18.42,-64.62,78.80000000000001,4.6
79,Nacozari,36,MX,1551836898,72,25.34,-108.26,71.99600000000001,0.89
80,Boa Vista,40,BR,1551834000,45,2.82,-60.67,87.80000000000001,7.2
81,Lompoc,75,US,1551836719,93,34.64,-120.46,57.2,4.6
82,Verkhnevilyuysk,12,RU,1551836718,79,63.45,120.31,21.956,3.57
83,Meulaboh,24,ID,1551836975,100,4.14,96.13,82.994,1.62
84,Nuuk,48,GL,1551833400,68,64.17,-51.74,24.8,7.2
85,Bambous Virieux,40,MU,1551834000,78,-20.34,57.76,78.80000000000001,4.37
86,Chabahar,0,IR,1551836975,100,25.29,60.65,66.92,2.87
87,Adrar,0,DZ,1551834000,24,27.87,-0.29,59.0,4.1
88,Hermanus,0,ZA,1551836717,80,-34.42,19.24,69.008,3.58
89,Senneterre,40,CA,1551834600,91,48.39,-77.24,-5.800000000000004,1.5
90,Flinders,0,AU,1551836526,33,-34.58,150.85,96.00800000000001,12.3
91,Fairbanks,75,US,1551836607,53,64.84,-147.72,28.994,3.27
92,Mahebourg,40,MU,1551834000,78,-20.41,57.7,78.80000000000001,4.37
93,Russellville,1,US,1551834900,29,35.28,-93.13,37.4,4.1
94,Nikolskoye,0,RU,1551836975,78,59.7,30.79,12.001999999999999,6.0
95,Mar del Plata,24,AR,1551836977,53,-46.43,-67.52,61.574,11.42
96,Atuona,92,PF,1551836977,100,-9.8,-139.03,80.69,6.82
97,Itarema,36,BR,1551836977,95,-2.92,-39.92,74.44399999999999,1.52
98,Port Alfred,0,ZA,1551836830,94,-33.59,26.89,69.008,1.79
99,Daru,0,SL,1551836733,77,7.99,-10.85,75.47,2.97
100,Bredasdorp,0,ZA,1551836717,93,-34.53,20.04,69.008,0.5
101,Tarauaca,12,BR,1551836978,89,-8.16,-70.77,76.55000000000001,0.92
102,San Rafael del Sur,20,NI,1551834000,55,11.85,-86.44,86.0,4.1
103,Georgetown,20,GY,1551834000,83,6.8,-58.16,78.80000000000001,3.1
104,Hithadhoo,56,MV,1551836978,100,-0.6,73.08,80.564,3.27
105,Montorio al Vomano,0,IT,1551836953,100,42.58,13.64,48.002,2.1
106,East London,24,ZA,1551836296,100,-33.02,27.91,75.614,11.97
107,Dunkirk,88,FR,1551836946,87,51.03,2.38,48.992000000000004,5.1
108,Henties Bay,76,NA,1551834138,95,-22.12,14.28,66.00200000000001,2.24
109,Hihya,40,EG,1551836573,81,30.67,31.59,53.6,1.32
110,Collie,64,AU,1551836713,29,-33.36,116.15,71.006,7.22
111,Hay River,20,CA,1551834000,71,60.82,-115.79,8.599999999999998,1.12
112,Carnarvon,0,ZA,1551836980,45,-30.97,22.13,54.95,1.32
113,Casper,1,US,1551836919,58,42.87,-106.31,30.2,1.82
114,Saint-Denis,0,FR,1551836964,70,48.94,2.36,48.992000000000004,5.1
115,Sao Raimundo das Mangabeiras,12,BR,1551836980,93,-7.02,-45.48,68.95400000000001,1.07
116,Constitucion,20,MX,1551833040,9,23.99,-104.67,78.80000000000001,4.1
117,San Cristobal,75,EC,1551836806,87,-0.39,-78.55,59.0,2.1
118,Yar-Sale,0,RU,1551836745,70,66.83,70.83,-10.300000000000004,3.37
119,Lasa,0,CY,1551836742,81,34.92,32.53,50.0,4.1
120,Ushtobe,76,KZ,1551836981,87,45.25,77.98,31.226,1.22
121,Butaritari,92,KI,1551836981,100,3.07,172.79,74.44399999999999,1.97
122,Kodiak,1,US,1551836611,36,39.95,-94.76,17.6,3.1
123,Santa Marta,75,CO,1551834000,58,11.24,-74.21,86.0,9.3
124,Saldanha,92,PT,1551836982,95,41.42,-6.55,50.540000000000006,8.42
125,Norman Wells,5,CA,1551834000,48,65.28,-126.83,21.2,1.0
126,Los Llanos de Aridane,40,ES,1551835800,63,28.66,-17.92,64.4,3.1
127,Myingyan,20,MM,1551836983,69,21.46,95.39,77.53999999999999,1.32
128,Bolshoy Lug,0,RU,1551835800,62,52.08,104.09,24.8,4.0
129,Katsuura,75,JP,1551835483,62,33.93,134.5,55.400000000000006,1.0
130,Aklavik,20,CA,1551834000,57,68.22,-135.01,17.6,1.0
131,Ixtapa,5,MX,1551836415,83,20.71,-105.21,77.0,3.1
132,Paramonga,64,PE,1551836984,100,-10.68,-77.82,73.904,3.37
133,Koster,64,ZA,1551836987,90,-25.86,26.9,63.769999999999996,2.72
134,Robertsport,0,LR,1551836987,100,6.75,-11.37,80.744,4.27
135,Paamiut,64,GL,1551836987,99,61.99,-49.67,28.4,5.07
136,Bereda,92,ES,1551836940,82,43.27,-7.54,57.002,10.3
137,Busselton,64,AU,1551836782,29,-33.64,115.35,71.006,7.07
138,Bafia,32,CM,1551836988,93,4.74,11.22,70.78999999999999,1.67
139,Yoichi,75,JP,1551836411,74,43.19,140.77,44.006,6.7
140,Karpathos,32,GR,1551833400,72,35.51,27.21,59.0,4.1
141,Praia da Vitoria,40,PT,1551836776,71,38.73,-27.07,53.6,8.37
142,Tuktoyaktuk,20,CA,1551834000,77,69.44,-133.03,6.800000000000001,3.6
143,Kahului,75,US,1551836777,60,20.89,-156.47,75.992,7.7
144,Arkhara,0,RU,1551836989,54,49.42,130.09,24.35,3.02
145,Cap-aux-Meules,5,CA,1551834000,78,47.38,-61.86,14.0,5.1
146,Ribeira Grande,32,PT,1551836990,100,38.52,-28.7,58.334,6.62
147,Sabzevar,0,IR,1551836990,76,36.21,57.68,27.986,1.12
148,Vilyuysk,56,RU,1551836990,77,63.75,121.63,21.29,3.22
149,Asha,92,RU,1551836990,85,54.99,57.29,30.29,5.77
150,Dwarka,0,IN,1551834000,93,28.58,77.04,51.8,2.1
151,Thompson,90,CA,1551834000,65,55.74,-97.86,6.800000000000001,3.6
152,Port Hardy,20,CA,1551834000,30,50.7,-127.42,41.0,1.0
153,Samana,12,EC,1551836991,93,0.12,-76.97,74.804,1.02
154,Tocopilla,56,CL,1551836991,100,-22.09,-70.2,61.790000000000006,0.22
155,Victoria,75,BN,1551834000,70,5.28,115.24,86.0,1.5
156,Hasaki,75,JP,1551836976,71,35.73,140.83,55.004,2.1
157,Rio Grande,20,BR,1551836752,98,-32.03,-52.1,73.22,3.57
158,Deputatskiy,0,RU,1551836992,69,69.3,139.9,-11.254000000000005,1.72
159,Warmbad,75,DE,1551836951,93,50.67,13.08,37.994,1.0
160,Champerico,5,MX,1551833220,73,16.38,-93.6,69.80000000000001,12.9
161,Bermejo,20,AR,1551836993,88,-22.73,-64.34,73.634,0.77
162,Kashan,0,IR,1551834000,41,33.99,51.44,42.8,0.17
163,Genhe,0,CN,1551836993,65,50.78,121.52,23.45,4.62
164,Te Anau,8,NZ,1551836993,42,-45.41,167.72,69.314,6.12
165,Petropavlovsk-Kamchatskiy,76,RU,1551834000,48,53.05,158.65,17.6,2.0
166,Humaita,90,AR,1551835440,100,-24.93,-65.37,68.0,2.6
167,Kasongo-Lunda,48,CD,1551836994,98,-6.48,16.82,68.23400000000001,0.92
168,Mago,36,RU,1551836994,53,53.27,140.15,19.4,2.42
169,Cockburn Town,100,TC,1551836994,97,21.46,-71.14,77.95400000000001,5.82
170,San Jose,0,PH,1551836995,65,15.79,120.99,82.634,1.37
171,Kanniyakumari,0,IN,1551836995,99,8.08,77.57,82.4,8.07
172,San Juan,0,AR,1551836742,65,-31.54,-68.53,69.224,2.57
173,Oyama,75,JP,1551836976,62,36.31,139.8,55.004,0.5
174,Grootfontein,88,NA,1551836996,35,-19.56,18.1,78.314,3.32
175,Taloqan,20,AF,1551836996,64,36.74,69.54,32.054,1.42
176,Narsaq,64,GL,1551833400,21,60.91,-46.05,35.6,5.7
177,Martin,1,US,1551836830,58,36.34,-88.85,30.974,3.6
178,Severo-Kurilsk,64,RU,1551836999,100,50.68,156.12,24.17,7.72
179,Arraial do Cabo,44,BR,1551836857,94,-22.97,-42.02,79.52,5.07
180,Dikson,64,RU,1551836999,100,73.51,80.55,8.996000000000002,5.72
181,Port Blair,92,IN,1551836679,100,11.67,92.75,80.924,1.97
182,Menzelinsk,90,RU,1551834000,93,55.73,53.11,33.8,11.0
183,Tanete,80,ID,1551836999,86,-3.94,119.78,83.26400000000001,2.02
184,Zhuhai,0,CN,1551834000,45,40.71,112.04,26.6,1.0
185,Aranos,64,NA,1551837001,55,-24.14,19.11,71.24000000000001,4.22
186,Borovichi,24,RU,1551837001,82,58.39,33.91,15.349999999999998,8.17
187,Sovetskiy,92,RU,1551837004,96,56.76,48.47,33.35,7.82
188,Saint Anthony,90,US,1551836779,50,43.97,-111.68,33.8,2.1
189,Las Juntas,0,CR,1551836721,88,10.28,-84.96,69.99799999999999,10.73
190,Guerrero Negro,76,MX,1551837006,82,27.97,-114.04,60.854,3.57
191,Maceio,0,BR,1551834000,88,-9.67,-35.74,75.2,1.5
192,Lorengau,8,PG,1551837006,100,-2.02,147.27,83.30000000000001,2.27
193,Kuybysheve,76,UA,1551837006,95,47.36,36.65,38.084,3.17
194,Carndonagh,92,IE,1551837007,96,55.25,-7.27,43.034,5.02
195,Santa Vitoria do Palmar,56,BR,1551837007,97,-33.52,-53.37,68.324,3.32
196,Bowling Green,1,US,1551836916,53,36.99,-86.44,28.4,4.6
197,Rawson,12,AR,1551836673,44,-43.3,-65.11,57.524,3.32
198,Koulamoutou,24,GA,1551837009,97,-1.13,12.47,68.45,0.97
199,Victoria Point,75,AU,1551836995,62,-27.58,153.3,91.994,3.6
200,Luang Prabang,40,LA,1551834000,77,19.89,102.14,68.0,1.07
201,Palmer,75,AU,1551837003,55,-34.85,139.16,66.00200000000001,8.2
202,Pacific Grove,90,US,1551837005,71,36.62,-121.92,60.008,7.22
203,Bilma,0,NE,1551837010,37,18.69,12.92,51.8,1.47
204,Taltal,0,CL,1551836769,95,-25.41,-70.49,58.604,0.97
205,Sapouy,8,BF,1551837010,33,11.55,-1.77,67.964,2.12
206,Spearfish,1,US,1551836705,56,44.49,-103.86,17.996,2.1
207,Key West,90,US,1551836915,78,47.93,-96.78,8.996000000000002,3.1
208,Kapuskasing,90,CA,1551834000,70,49.42,-82.43,1.3999999999999986,2.6
209,Canutama,0,BR,1551837011,92,-6.53,-64.38,77.99000000000001,1.12
210,Namatanai,12,PG,1551837011,91,-3.66,152.44,86.144,3.57
211,Buala,92,SB,1551836781,75,-8.15,159.59,88.03399999999999,3.47
212,Longyearbyen,20,NO,1551833400,69,78.22,15.63,-7.600000000000001,2.6
213,Qasigiannguit,0,GL,1551833400,56,68.82,-51.19,12.2,4.6
214,Maniitsoq,36,GL,1551837013,76,65.42,-52.9,12.740000000000002,3.42
215,New Baltimore,40,US,1551837005,43,42.68,-82.74,15.997999999999998,2.6
216,Rocha,20,UY,1551836996,89,-34.48,-54.34,58.604,2.57
217,Puerto Leguizamo,56,CO,1551837013,96,-0.19,-74.78,74.75,0.72
218,Sirnak,0,TR,1551837014,95,37.52,42.46,18.32,0.97
219,Manokwari,64,ID,1551837014,100,-0.87,134.08,80.834,1.77
220,Shenjiamen,76,CN,1551836963,100,29.96,122.3,49.964,9.77
221,Coahuayana,8,MX,1551837015,61,18.62,-100.35,67.69399999999999,0.92
222,New Norfolk,75,AU,1551837015,50,-42.78,147.06,57.002,8.7
223,Teguise,0,ES,1551835800,72,29.06,-13.56,62.6,1.0
224,Udachnyy,80,RU,1551837016,78,66.42,112.4,23.485999999999997,2.42
225,Opuwo,0,NA,1551837016,72,-18.06,13.84,59.864000000000004,1.52
226,Sivas,75,TR,1551833400,84,39.75,37.01,32.0,2.1
227,Chingirlau,32,KZ,1551837017,92,51.09,54.08,34.52,7.92
228,Nantucket,1,US,1551836889,67,41.28,-70.1,28.994,3.6
229,Buraydah,0,SA,1551834000,47,26.33,43.97,57.2,9.3
230,Padang,20,ID,1551834000,78,-0.92,100.36,78.80000000000001,1.0
231,Sao Felix do Xingu,56,BR,1551837012,100,-6.64,-51.99,69.94399999999999,0.42
232,Machilipatnam,90,IN,1551834000,94,16.18,81.14,78.80000000000001,2.82
233,Nova Olimpia,32,BR,1551837018,85,-14.8,-57.29,77.27,2.22
234,Dunedin,0,NZ,1551836806,56,-45.87,170.5,76.874,1.42
235,Dir,12,CM,1551837018,51,6.33,13.54,63.769999999999996,0.42
236,Bankura,36,IN,1551836337,60,23.24,87.07,80.006,1.97
237,Ocos,20,GT,1551832920,78,14.51,-92.19,82.4,1.0
238,Coxim,44,BR,1551837019,90,-18.5,-54.75,75.074,1.32
239,Komsomolskiy,32,RU,1551837019,62,67.55,63.78,0.05000000000000071,7.97
240,Auki,0,NG,1551837019,52,12.18,6.51,65.30000000000001,1.57
241,Hirado,75,JP,1551836591,93,33.32,129.49,50.0,2.1
242,Aleksandrov Gay,36,RU,1551836685,90,50.14,48.57,35.294,8.17
243,Chuy,56,UY,1551837020,97,-33.69,-53.46,68.324,3.32
244,Dharchula,0,IN,1551837020,74,29.85,80.53,30.02,0.77
245,Merauke,32,ID,1551836915,100,-8.49,140.4,84.92,1.07
246,Isoka,56,ZM,1551837020,90,-10.15,32.64,58.244,1.22
247,Port Hedland,0,AU,1551834000,56,-20.31,118.58,95.0,4.6
248,Pevek,76,RU,1551837020,94,69.7,170.27,6.620000000000001,2.32
249,Kavieng,32,PG,1551837020,98,-2.57,150.8,86.09,2.12
250,Tazovskiy,76,RU,1551837020,77,67.47,78.7,4.496000000000002,5.82
251,Akcakoca,76,TR,1551837022,86,41.09,31.12,34.574,0.87
252,Miraflores,36,CO,1551837022,96,5.2,-73.14,52.97,0.52
253,Semey,0,KZ,1551834000,91,50.41,80.25,1.3999999999999986,1.0
254,Dingle,0,PH,1551836637,55,11.0,122.67,87.35,5.22
255,Korhogo,0,CI,1551837023,48,9.46,-5.63,67.60400000000001,2.22
256,Edgewater,1,US,1551837021,81,28.99,-80.9,55.994,2.6
257,Talnakh,76,RU,1551837025,83,69.49,88.39,8.690000000000001,6.92
258,Khatanga,88,RU,1551837025,80,71.98,102.47,0.8959999999999972,4.02
259,Afikpo,8,NG,1551837026,94,5.88,7.92,72.644,2.02
260,Concepcion,44,CO,1551837027,76,9.56,-73.66,79.78999999999999,1.17
261,Rock Sound,0,BS,1551837027,96,24.9,-76.2,79.03399999999999,2.22
262,Balkhash,75,KZ,1551834000,85,46.84,74.98,19.4,6.0
263,Laurel,40,US,1551836780,66,45.67,-108.77,15.8,1.5
264,Ossora,80,RU,1551837027,100,59.24,163.07,15.026,3.32
265,Camacupa,32,AO,1551837027,89,-12.02,17.48,62.69,2.62
266,Saint-Augustin,0,FR,1551836708,58,44.83,-0.61,55.400000000000006,5.7
267,Jalu,0,LY,1551837028,78,29.03,21.55,42.35,1.22
268,Tateyama,75,JP,1551837001,47,36.66,137.31,62.995999999999995,3.1
269,Jinhua,88,CN,1551836775,99,29.11,119.65,59.0,1.67
270,Ancud,90,CL,1551834000,100,-41.87,-73.83,55.400000000000006,7.2
271,Granja,24,BR,1551837030,92,-3.12,-40.83,74.084,1.12
272,Qaqortoq,88,GL,1551833400,21,60.72,-46.03,35.6,5.7
273,Lebu,44,ET,1551837030,89,8.96,38.73,42.494,1.22
274,Arvika,88,SE,1551836346,92,59.65,12.59,21.973999999999997,3.6
275,Clyde River,90,CA,1551834000,83,70.47,-68.59,-7.600000000000001,1.0
276,Tommot,32,RU,1551837032,65,58.97,126.27,19.976,2.02
277,Yaan,0,NG,1551837033,91,7.38,8.57,73.814,2.27
278,Mozarlandia,48,BR,1551837033,91,-14.74,-50.57,72.32,1.97
279,Mayo,20,CA,1551834000,43,63.59,-135.9,14.0,1.5
280,Amos,40,CA,1551834600,91,48.57,-78.12,-5.800000000000004,1.5
281,Myaundzha,32,RU,1551837034,71,63.05,147.18,-4.630000000000003,1.67
282,Nogliki,12,RU,1551837034,100,51.8,143.14,20.39,6.37
283,Steamboat Springs,90,US,1551836715,68,40.48,-106.83,33.8,1.32
284,Tambacounda,0,SN,1551837035,34,13.77,-13.67,64.814,2.37
285,Rio Bueno,40,JM,1551834000,74,18.47,-77.46,80.6,3.6
286,Mehamn,48,NO,1551837036,89,71.03,27.85,17.276,4.92
287,Vao,0,EE,1551837036,76,59.1,26.19,11.3,3.12
288,Akhtyrskiy,68,RU,1551837017,71,44.84,38.3,50.0,4.87
289,Marzuq,48,YE,1551836820,94,14.4,46.47,55.544,1.27
290,Sangin,24,AF,1551837036,92,32.07,64.85,45.824,1.77
291,Talakan,20,RU,1551837036,55,50.29,130.28,21.686,2.22
292,Northam,92,GB,1551837014,87,51.04,-4.21,48.992000000000004,10.3
293,Naze,36,NG,1551837042,94,5.43,7.07,73.094,2.22
294,Sidrolandia,20,BR,1551834000,78,-20.93,-54.96,77.0,3.1
295,Payson,90,US,1551836945,80,40.04,-111.73,46.994,1.5
296,Portland,75,US,1551837009,40,45.52,-122.67,42.8,7.2
297,Yeppoon,75,AU,1551834000,65,-23.13,150.74,82.4,4.1
298,Klaksvik,0,FO,1551835200,80,62.23,-6.59,35.6,1.0
299,Luwuk,0,ID,1551836908,70,-0.95,122.79,88.03399999999999,0.62
300,Ahipara,44,NZ,1551836674,65,-35.17,173.16,73.85,2.32
301,Esperance,20,TT,1551836408,83,10.24,-61.45,77.0,4.1
302,Buta,8,CD,1551837050,91,2.79,24.73,72.05000000000001,0.92
303,Awbari,0,LY,1551837050,64,26.59,12.77,40.694,1.27
304,Nome,1,US,1551836623,45,30.04,-94.42,46.004000000000005,3.1
305,Akureyri,90,IS,1551834000,68,65.68,-18.09,24.8,2.6
306,Matay,0,EG,1551836839,98,28.42,30.79,44.653999999999996,3.22
307,Ambon,90,FR,1551837030,87,47.55,-2.56,55.004,8.2
308,Anloga,20,GH,1551834000,83,5.79,0.9,84.2,4.1
309,Iberia,20,PE,1551836777,92,-11.41,-69.49,76.334,1.37
310,Varniai,90,LT,1551835200,68,55.74,22.37,28.4,5.1
311,Vestmannaeyjar,0,IS,1551837051,100,63.44,-20.27,25.07,3.42
312,Najran,40,SA,1551834000,41,17.54,44.22,75.2,5.1
313,Uyutne,88,UA,1551837052,97,45.2,33.3,47.120000000000005,4.17
314,Byron Bay,40,AU,1551837018,74,-28.65,153.62,89.6,6.7
315,Naranjito,40,EC,1551836838,83,-2.17,-79.46,80.6,1.5
316,Mareeba,12,AU,1551837029,66,-16.99,145.42,93.00200000000001,4.1
317,Mogadishu,64,SO,1551837052,100,2.04,45.34,80.24000000000001,8.22
318,Avera,1,US,1551837041,32,33.19,-82.53,44.6,6.2
319,Greensburg,1,US,1551837006,56,30.83,-90.67,44.6,3.1
320,Uvira,8,CD,1551837053,100,-3.41,29.14,60.854,0.77
321,Souillac,0,FR,1551836528,54,45.6,-0.6,55.400000000000006,9.8
322,Ilulissat,0,GL,1551833400,56,69.22,-51.1,12.2,4.6
323,Resistencia,0,AR,1551834000,100,-27.45,-58.99,69.80000000000001,1.5
324,Port Lincoln,20,AU,1551837054,87,-34.72,135.86,64.94,6.77
325,Teguldet,80,RU,1551837054,71,57.31,88.17,19.346,2.02
326,Sioux Lookout,40,CA,1551834000,83,50.1,-91.92,-9.399999999999999,1.22
327,Canavieiras,100,BR,1551836756,81,-15.68,-38.95,81.73400000000001,1.72
328,Evensk,80,RU,1551837055,100,61.92,159.24,12.2,3.02
329,Aragarcas,8,BR,1551837055,88,-15.9,-52.25,69.674,1.97
330,Jijiga,12,ET,1551837055,91,9.35,42.8,47.75,0.87
331,Saint-Francois,0,FR,1551836820,70,46.42,3.91,50.0,3.1
332,Anacortes,1,US,1551837053,41,48.5,-122.62,44.996,2.6
333,The Valley,75,AI,1551836771,61,18.22,-63.06,78.80000000000001,4.6
334,Inhambane,92,MZ,1551836709,89,-23.87,35.38,80.20400000000001,6.47
335,Santa Rosa,44,AR,1551837058,58,-36.62,-64.29,65.57,4.12
336,Lincoln,1,US,1551837058,72,40.8,-96.67,17.6,2.1
337,La Ronge,20,CA,1551834000,55,55.1,-105.3,6.800000000000001,6.7
338,Minbu,88,MM,1551837062,70,20.18,94.88,76.334,3.77
339,Banjarmasin,92,ID,1551836781,100,-3.32,114.59,77.9,2.22
340,Abnub,0,EG,1551834000,76,27.27,31.15,48.2,4.1
341,Matamoros,90,US,1551836734,57,25.87,-97.51,48.2,4.1
342,Vila Franca do Campo,75,PT,1551836617,66,37.72,-25.43,55.004,5.1
343,Westport,92,IE,1551836892,93,53.8,-9.52,39.992000000000004,0.89
344,Nyurba,8,RU,1551837067,69,63.29,118.35,21.326,4.07
345,Shelburne,1,CA,1551837064,77,44.08,-80.2,10.994,2.1
346,Lakhimpur,88,IN,1551837067,99,27.24,94.1,59.99,2.52
347,Wang Saphung,8,TH,1551834000,77,17.3,101.77,68.0,2.02
348,Isangel,75,VU,1551834000,74,-19.55,169.27,87.80000000000001,4.1
349,Rome,0,IT,1551836644,100,41.89,12.48,48.002,2.1
350,Mao,20,DO,1551837009,83,19.55,-71.08,77.0,6.2
351,Touros,20,BR,1551834000,94,-5.2,-35.46,77.0,1.5
352,Aykhal,32,RU,1551837068,83,65.95,111.51,22.64,3.97
353,Comodoro Rivadavia,0,AR,1551837600,37,-45.87,-67.48,68.0,5.1
354,Lake Havasu City,20,US,1551836978,25,34.47,-114.34,77.0,3.22
355,Roald,12,NO,1551837002,100,62.58,6.12,32.0,8.2
356,Peniche,75,PT,1551837066,93,39.36,-9.38,55.400000000000006,6.2
357,Tabuk,0,PH,1551837069,42,17.41,121.44,83.53399999999999,0.87
358,Severo-Yeniseyskiy,48,RU,1551837069,55,60.37,93.04,17.906,3.47
359,Malanje,32,AO,1551837069,97,-9.54,16.35,66.344,1.67
360,Manuk Mangkaw,56,PH,1551837069,98,4.8,119.85,82.85,1.72
361,Princeton,90,US,1551836758,66,41.37,-89.46,17.006,8.2
362,Walvis Bay,100,NA,1551834138,88,-22.95,14.51,66.2,3.1
363,Barcelos,75,PT,1551836828,93,41.53,-8.62,57.2,9.8
364,Manakara,92,MG,1551837070,100,-22.14,48.01,74.624,2.32
365,Darnah,0,LY,1551837070,100,32.77,22.64,59.954,5.12
366,Adelaide,75,AU,1551837055,55,-34.93,138.6,69.008,8.2
367,Lake City,90,US,1551837030,51,38.03,-107.32,37.994,1.97
368,Bocaiuva,48,BR,1551837071,95,-17.12,-43.81,64.814,1.07
369,Polewali,80,ID,1551837072,86,-4.03,119.8,83.26400000000001,2.02
370,Vanimo,88,PG,1551837072,100,-2.67,141.3,82.004,4.02
371,Derzhavinsk,92,KZ,1551837072,94,51.1,66.31,28.796,4.72
372,Sibolga,0,ID,1551836722,88,1.74,98.78,77.72,1.17
373,Abu Dhabi,0,AE,1551834000,82,24.47,54.37,59.0,1.5
374,Mitsamiouli,92,KM,1551837073,97,-11.38,43.28,83.084,4.32
375,Adendorf,0,AT,1551836785,94,47.11,14.38,33.008,0.5
376,Fengzhen,0,CN,1551837073,57,40.43,113.15,30.326,2.77
377,Iquique,0,CL,1551834000,64,-20.22,-70.14,71.6,5.7
378,Pingliang,64,CN,1551836860,32,35.54,106.68,57.002,1.77
379,Cooma,90,AU,1551835260,55,-36.24,149.13,64.4,8.2
380,Teahupoo,40,PF,1551836587,62,-17.83,-149.27,87.80000000000001,3.1
381,Namibe,68,AO,1551836754,100,-15.19,12.15,78.224,0.92
382,Kisangani,0,CD,1551837074,96,0.52,25.21,71.654,0.97
383,Alofi,75,NU,1551837600,70,-19.06,-169.92,84.2,8.7
384,Nakusp,0,CA,1551837070,73,50.24,-117.8,10.219999999999999,0.77
385,La Palma,64,CO,1551837075,98,5.36,-74.39,68.0,1.17
386,Sinnamary,88,GF,1551837075,100,5.38,-52.96,76.60400000000001,4.47
387,Makakilo City,90,US,1551837049,50,21.35,-158.09,78.80000000000001,4.6
388,Coihaique,20,CL,1551835440,93,-45.58,-72.07,50.0,2.1
389,Kulaman,0,PH,1551837075,44,6.46,124.09,88.48400000000001,1.27
390,Mecca,0,SA,1551837075,75,21.43,39.83,46.903999999999996,2.12
391,Puerto Escondido,40,MX,1551832800,69,15.86,-97.07,82.4,5.37
392,Smidovich,0,RU,1551837076,30,48.6,133.81,31.136,3.42
393,Brae,12,GB,1551833400,60,60.4,-1.35,39.2,6.7
394,Sorland,88,NO,1551836713,100,67.67,12.69,36.14,12.02
395,Sitka,0,US,1551836728,61,37.17,-99.65,23.0,0.45
396,Haapiti,40,PF,1551836587,62,-17.57,-149.87,87.80000000000001,3.1
397,Payakumbuh,56,ID,1551837077,81,-0.23,100.63,79.78999999999999,1.22
398,Braedstrup,80,DK,1551836932,100,55.97,9.61,42.007999999999996,2.6
399,Belmonte,92,PT,1551836758,92,40.36,-7.35,50.0,2.24
400,Dourbali,0,TD,1551837077,31,11.81,15.86,74.174,4.67
401,Cairns,48,AU,1551837029,66,-16.92,145.77,93.00200000000001,4.1
402,Mount Pleasant,1,US,1551836882,37,33.16,-94.97,37.4,2.1
403,Masallatah,0,LY,1551837078,73,32.62,14.0,35.744,1.17
404,Tirat Karmel,36,IL,1551836777,92,32.76,34.97,51.008,5.92
405,Dicabisagan,0,PH,1551837078,87,17.08,122.42,80.024,2.37
406,Dakar,0,SN,1551834000,64,14.69,-17.45,68.0,10.3
407,Vanavara,44,RU,1551837079,60,60.35,102.28,23.990000000000002,4.92
408,Novoagansk,64,RU,1551837079,73,61.94,76.66,15.655999999999999,3.32
409,Malpura,0,IN,1551837079,53,26.29,75.37,61.06999999999999,1.82
410,Uaua,44,BR,1551837079,91,-9.84,-39.48,72.5,3.57
411,Kaeo,44,NZ,1551836286,65,-35.1,173.78,73.994,2.24
412,Dickinson,1,US,1551836364,56,46.88,-102.79,12.2,6.7
413,Japura,64,ID,1551837079,88,-0.42,102.29,77.95400000000001,1.07
414,Sao Sebastiao,0,BR,1551836841,77,-3.15,-58.36,81.05000000000001,2.67
415,Ca Mau,68,VN,1551836987,79,9.18,105.15,81.77,1.82
416,Antalaha,36,MG,1551836864,94,-14.9,50.28,76.37,1.22
417,Umm Lajj,0,SA,1551836673,100,25.02,37.27,56.623999999999995,4.67
418,Taoudenni,0,ML,1551837080,29,22.68,-3.98,49.514,3.07
419,Klyuchi,24,RU,1551837080,85,52.25,79.17,18.086,3.92
420,Nadym,0,RU,1551837080,65,65.53,72.51,-4.180000000000007,3.72
421,Fortuna,75,ES,1551837032,87,38.18,-1.13,59.0,1.17
422,Jeremie,12,HT,1551837081,96,18.65,-74.12,77.324,1.77
423,Maraba,0,BR,1551834000,100,-5.35,-49.1,78.80000000000001,1.17
424,Dobris,20,CZ,1551837073,89,49.78,14.17,37.4,5.1
425,Jacareacanga,68,BR,1551837014,93,-6.22,-57.76,74.75,1.52
426,Helmsdale,0,GB,1551836708,95,58.12,-3.65,39.2,2.6
427,Castlemaine,92,IE,1551837082,100,52.17,-9.7,44.114000000000004,1.77
428,Pisco,75,PE,1551834000,78,-13.71,-76.2,73.4,9.3
429,Arman,12,RU,1551837082,65,59.7,150.17,11.84,1.82
430,Nsanje,92,MZ,1551837082,97,-16.92,35.26,72.554,5.27
431,Lima,0,PE,1551836704,73,-12.06,-77.04,75.2,5.7
432,Colomi,75,BO,1551834000,56,-17.34,-65.87,68.0,3.1
433,Salamiyah,88,SY,1551837083,99,35.01,37.05,45.734,1.52
434,Mbuji-Mayi,36,CD,1551837083,91,-6.13,23.6,68.414,1.37
435,Chatra,40,IN,1551834000,93,24.21,84.87,59.0,1.5
436,Utica,90,US,1551837014,78,43.1,-75.23,17.006,2.6
437,Dmitriyevka,92,GE,1551837083,87,43.08,41.0,30.29,0.87
438,Cassilandia,12,BR,1551837083,93,-19.11,-51.73,67.60400000000001,1.22
439,Apatfalva,68,HU,1551836916,80,46.17,20.58,42.007999999999996,5.1
440,Tilichiki,32,RU,1551837084,88,60.47,166.1,17.906,1.67
441,Waitati,0,NZ,1551837084,56,-45.75,170.57,76.874,1.42
442,Bad Schwartau,0,DE,1551837036,96,53.92,10.7,37.004,2.1
443,Kem,0,UG,1551837084,92,2.68,33.77,59.540000000000006,1.22
444,Santa Helena de Goias,8,BR,1551837084,90,-17.81,-50.6,68.054,1.27
445,Nisia Floresta,20,BR,1551834000,88,-6.09,-35.21,78.80000000000001,1.5
446,Tuatapere,0,NZ,1551837085,60,-46.13,167.69,69.494,6.62
447,Shelabolikha,0,RU,1551834000,92,53.41,82.62,15.8,3.0
448,Tazmalt,0,DZ,1551834000,93,36.39,4.4,51.8,4.6
449,Poum,0,MK,1551837085,87,41.28,20.71,25.826,0.82
450,Nova Aurora,44,BR,1551837086,91,-18.06,-48.26,66.2,0.72
451,La Asuncion,56,EC,1551836677,92,-1.64,-78.74,48.524,0.72
452,Carballo,80,ES,1551837072,82,43.21,-8.69,57.002,10.3
453,Wajima,75,JP,1551834000,46,37.4,136.9,53.6,3.1
454,Minab,0,IR,1551834000,93,27.15,57.07,57.2,0.5
455,Inuvik,20,CA,1551834000,57,68.36,-133.71,17.6,1.0
456,Caravelas,76,BR,1551837086,100,-17.73,-39.27,83.12,5.72
457,Balikpapan,20,ID,1551834000,74,-1.24,116.86,84.2,3.6
458,Cortes,80,PH,1551837087,99,9.28,126.19,74.53399999999999,1.72
459,Kidal,0,ML,1551837087,30,18.44,1.41,48.650000000000006,1.57
460,Santa Isabel,75,CO,1551834000,100,4.71,-75.1,73.4,2.1
461,Oranjemund,0,ZA,1551836805,93,-28.55,16.43,62.924,4.37
462,Oussouye,8,SN,1551837088,74,12.49,-16.54,68.144,6.37
463,Aksarayskiy,40,RU,1551834000,100,46.79,48.01,33.8,3.0
464,Trairi,48,BR,1551837088,100,-3.28,-39.27,79.304,3.67
465,Praia,76,BR,1551837088,96,-20.25,-43.81,62.924,0.42
466,Andros Town,0,BS,1551836781,83,24.73,-77.79,77.0,4.82
467,Trinidad,0,UY,1551837089,85,-33.52,-56.9,67.964,4.12
468,Tomatlan,0,MX,1551837089,90,19.93,-105.25,66.614,1.22
469,Batagay-Alyta,0,RU,1551837089,76,67.8,130.41,0.5899999999999999,1.62
470,Oranjestad,20,AW,1551834000,78,12.52,-70.03,78.80000000000001,8.2
471,Boskovice,0,CZ,1551837040,86,49.49,16.66,35.996,2.6
472,Molchanovo,24,RU,1551837089,82,57.58,83.76,13.136,4.02
473,Khani,0,GE,1551834000,76,41.96,42.96,39.2,3.1
474,Zeliezovce,0,SK,1551837038,80,48.05,18.65,44.006,4.12
475,Akdepe,0,TM,1551834000,80,42.05,59.39,39.2,3.1
476,Baykit,32,RU,1551837090,70,61.68,96.39,17.186,5.02
477,Kurumkan,0,RU,1551837090,72,54.33,110.32,19.796,0.77
478,Bol,0,TD,1551837090,25,13.47,14.72,72.554,4.92
479,Port-Gentil,48,GA,1551837091,100,-0.72,8.78,78.134,1.22
480,Alekseyevsk,88,RU,1551837091,82,57.84,108.35,27.59,3.47
481,Pimentel,68,BR,1551836805,95,-3.7,-45.5,74.75,1.17
482,Kushima,75,JP,1551835927,93,31.5,131.29,55.004,3.1
483,Beyneu,0,KZ,1551836749,68,45.32,55.19,25.916,1.32
484,Gao,0,ML,1551837091,42,16.28,-0.04,56.264,1.52
485,Kimbe,44,PG,1551837092,94,-5.56,150.15,84.47,1.72
486,Lata,0,IN,1551837092,74,30.78,78.62,37.04,0.97
487,Ormara,0,PK,1551836739,94,25.21,64.64,65.30000000000001,3.47
488,Saurimo,12,AO,1551837092,96,-9.66,20.4,64.67,1.97
489,Kantunilkin,75,MX,1551836587,78,21.1,-87.49,78.80000000000001,2.1
490,Bubaque,0,GW,1551836640,98,11.28,-15.83,76.1,2.97
491,Grand Gaube,40,MU,1551834000,78,-20.01,57.66,78.80000000000001,5.37
492,Kurbnesh,0,AL,1551837000,87,41.77,20.09,46.4,1.0
493,Algiers,1,US,1551837081,42,29.94,-90.04,50.0,4.6
494,Farafangana,92,MG,1551837093,100,-22.82,47.83,74.98400000000001,4.47
495,Plover,1,US,1551837054,60,44.46,-89.54,10.399999999999999,2.6
496,Christchurch,0,NZ,1551837004,50,-43.53,172.64,84.00200000000001,4.6
497,Gat,0,SN,1551834000,64,14.69,-16.54,68.0,10.3
498,Gbarnga,0,LR,1551837094,81,7.0,-9.47,75.524,3.87
499,Ilhabela,8,BR,1551837094,97,-23.78,-45.36,82.274,3.87
500,Mumford,20,GH,1551837094,92,5.26,-0.76,79.304,4.12
501,Russkoye,48,RU,1551837094,74,43.83,44.56,27.716,1.22
502,Aktau,0,KZ,1551834000,92,43.65,51.16,26.6,3.0
503,Muravlenko,0,RU,1551837095,67,63.79,74.5,-1.1739999999999995,4.12
504,Forbes,92,AU,1551836424,62,-33.38,148.01,71.006,0.89
505,Ishikawa,75,JP,1551836742,66,37.14,140.45,51.998000000000005,4.6
506,Eureka,90,US,1551837004,100,40.8,-124.16,50.0,2.77
507,Mayumba,88,GA,1551836751,100,-3.44,10.65,76.874,0.47
508,Khandbari,56,NP,1551836682,69,27.38,87.21,26.689999999999998,0.37
509,Kiunga,68,PG,1551837096,74,-6.12,141.3,85.64,1.32
510,Celestun,24,MX,1551837096,100,20.87,-90.4,76.154,12.92
511,Kenora,1,CA,1551836568,60,49.76,-94.48,8.599999999999998,2.6
512,La Roche-sur-Yon,92,FR,1551837089,66,46.67,-1.43,55.400000000000006,5.7
513,Ludvika,76,SE,1551837007,84,60.15,15.18,15.008,1.5
514,Kihei,75,US,1551837078,60,20.76,-156.45,75.992,7.7
515,Tautira,40,PF,1551836587,62,-17.73,-149.15,87.80000000000001,3.1
516,San Andres,76,PH,1551836740,99,13.32,122.68,79.844,2.97
517,Conceicao do Araguaia,20,BR,1551837097,95,-8.26,-49.26,70.844,1.32
518,Honiara,76,SB,1551837097,76,-9.43,159.96,84.28999999999999,1.62
519,Annau,0,TM,1551834000,80,37.89,58.52,41.0,1.0
520,Eyl,92,SO,1551837098,100,7.98,49.82,76.334,6.02
521,Ondjiva,88,AO,1551837098,82,-17.07,15.73,67.964,4.67
522,Bogovarovo,88,RU,1551837098,96,58.98,47.02,34.34,3.77
523,Olinda,40,EC,1551836838,83,-2.03,-79.75,80.6,1.5
524,Ishinomaki,75,JP,1551834000,66,38.42,141.3,48.2,2.1
525,Kinna,90,SE,1551837005,92,57.51,12.69,37.004,2.1
526,Luanda,40,AO,1551834000,94,-8.83,13.24,75.2,2.1
527,Torrevieja,48,ES,1551837084,100,37.98,-0.68,59.0,1.0
528,Nanakuli,75,US,1551837049,64,21.39,-158.15,78.80000000000001,5.1
529,Grindavik,20,IS,1551836355,86,63.84,-22.43,26.6,4.6
530,Prince Rupert,1,CA,1551834000,30,54.32,-130.32,42.8,2.6
531,Waddan,0,LY,1551837100,72,29.16,16.14,34.394,1.22
532,Plettenberg Bay,0,ZA,1551837100,96,-34.05,23.37,67.19,0.57
533,Necochea,76,AR,1551836474,51,-38.55,-58.74,69.008,4.32
534,Cravo Norte,0,CO,1551837100,40,6.3,-70.2,88.214,4.62
535,Manzanillo,36,CU,1551836692,100,20.34,-77.12,79.574,4.57
536,Aripuana,0,BR,1551837101,89,-9.17,-60.63,77.27,1.32
537,Loralai,0,PK,1551837101,78,30.37,68.6,29.75,1.22
538,Gorontalo,56,ID,1551837084,53,0.54,123.06,89.384,1.17
539,Moussoro,0,TD,1551837101,23,13.64,16.49,71.294,4.67
540,Itapage,92,BR,1551837102,98,-3.69,-39.59,71.654,1.62
541,Yulara,0,AU,1551834000,32,-25.24,130.99,82.4,6.7
542,Shenzhen,75,CN,1551836923,88,22.54,114.05,71.6,3.0
543,Goderich,24,CA,1551837101,89,43.74,-81.71,15.997999999999998,3.67
544,Ouallam,0,NE,1551837102,27,14.32,2.08,61.25,2.57
545,Faya,40,SA,1551834000,82,18.39,42.45,55.400000000000006,2.6
546,Mackay,5,CA,1551834000,44,53.65,-115.58,21.2,3.6
547,Abu Kamal,24,SY,1551837103,81,34.45,40.92,41.45,1.52
548,Denizli,20,TR,1551833400,80,37.77,29.09,39.2,2.6
549,Pangai,20,TO,1551834000,70,-19.8,-174.35,84.2,7.2
550,Ahtopol,75,BG,1551836767,93,42.1,27.94,48.2,2.1
